Mixture,B cells naive,B cells memory,Plasma cells,T cells CD8,T cells CD4 naive,T cells CD4 memory resting,T cells CD4 memory activated,T cells follicular helper,T cells regulatory (Tregs),T cells gamma delta,NK cells resting,NK cells activated,Monocytes,Macrophages M0,Macrophages M1,Macrophages M2,Dendritic cells resting,Dendritic cells activated,Mast cells resting,Mast cells activated,Eosinophils,Neutrophils,P-value,Correlation,RMSE,Absolute score (sig.score)
Sample100,0.150813803249446,0,0.166065422806601,0.641268419575174,0,0.0511789774715647,0.446200681179931,0.398814398084797,0.0574826628919601,0,0.109722152315548,0.0909152039300614,0.0931886591636315,0.130194298173524,0.183946265664332,0.435154142038047,0.0964127838847347,0,0.0721860615082271,0,0,0,0,0.410198703276122,0.910928540321412,3.12354393193758
Sample102,0.167995359208616,0,0.0763229970284655,0,0,0.179389797789219,0.0294891278087034,0.00724982903314207,0.0090915214435135,0.0199240621622403,0.0554591688484594,0,0.0112692958134954,0.0808918531219784,0.00498715224988814,0.266765502656076,0.0127197673592436,0.0118459860603893,0,0.0507576906987043,0,0,0,0.586174424085335,0.823475764757383,0.984159111282134
Sample105,0.023954925976577,0.0122458773935756,0.00656258113654003,0.0644211983617324,0,0.106846747156436,0.0254618251599858,0.054091706818379,0,0,0.0552346860036821,0,0.0133095967398848,0.00595824786838958,0.0100942773089236,0.0702484230773449,0.0419503177708661,0.0141613809137512,0.0147268968247609,0,0.0229396545180303,0,0,0.330537308167355,0.946424819089328,0.54220834302886
Sample106,0.0195044358743079,0.0670314357896604,0.0295705041919069,0.0552705028886042,0,0.036822365986002,0.0390407427336091,0.0643934567282398,0,0,0.0300799489405929,0,0,0.478190726589898,0.0242597885958305,0.218177485746403,0,0,0.0481908626821178,0,0.021775595405709,0,0,0.487924278243332,0.874874355043666,1.13230785215288
Sample107,0.0126004443381544,0.0591398084179551,0.0212287948051874,0.0167529591460132,0,0.0512791923508411,0.0839317577705068,0.0160115357533177,0.0119834790017004,0,0.0740905355360951,0,0.0129600164714459,0.0056679049855419,0.00718658950119754,0.0608340616289429,0.0373018412509924,0.0126713913386495,0.034205038951772,0.00567467385868954,0.0010852533582704,0.0088070211069218,0,0.263453131330016,0.970764014501478,0.533412299572195
Sample108,0.0201388110403138,0.0108147890140314,0.0139015257588476,0.0198249361894095,0,0.0642709818634928,0.063744907987461,0.0465835575272445,0.0219136470346372,0.00244849859440095,0.0268260814375687,0,0.00784576285790113,0.048596509249489,0.00270919221984953,0.092446854290325,0.00943809616380813,0.0214884813349112,0.039246526554041,0,0.00691083081610152,0.00345960018216275,0,0.306619070137279,0.953386084139768,0.522609590115997
Sample10,0.0935065049062124,0,0.0606229809264327,0.0512396141457071,0,0.230134801090665,0.0591393067199779,0.0304029659518329,0,0,0.037498714518678,0.000319060901073005,0.0344684627296762,0.0728986037295865,0.0162942563808583,0.234755392600707,0.00942406337097213,0.00800997662282969,0.0512957550759978,0.0157021526757852,0,0,0,0.552224977599873,0.847537189558493,1.00571261234699
Sample112,0.100224189833936,0,0.078881127740944,0.110765800259127,0,0.287302741913437,0.041042403048327,0.0608550825552974,0,0,0.0979327165712579,0,0.0331184717717563,0.0398443157233246,0.0376233288727394,0.0923013571485602,0.0549933104144459,0,0.111311850159447,0,0,0,0,0.470050833555099,0.88337285917336,1.1461966960126
Sample116,0.0372414422960738,0.0772055604292687,0.0241445275289501,0.0166223305283753,0.0360509430262274,0.0347633251742729,0.0685871070416347,0.020062340225594,0,0,0.0307217106984579,0,0.0401459896701632,0.0838112134464419,0.030430605365723,0.210396446947385,0.0322267774724838,0,0.114962441465391,0,0,0,0,0.552781419151864,0.84947749526172,0.857372761316442
Sample117,0,0.0433452444940559,0.108796702685164,0.0980325639617162,0,0.0367466563209789,0.0469659672317238,0.0363455930549706,0.023879910162433,0.0221164059680003,0,0.0034759491138017,0,0.0451953828967175,0.0064481150500959,0.579277963005145,0.394968918954447,0.000994553689040975,0.107533590964077,0,0,0.000217414793258346,0,0.463519775426037,0.886754379160035,1.55434093234563
Sample11,0.0382476817218348,0.0054250615249138,0.0165526463962698,0.0570770167268039,0,0.0566594551797751,0.087688878749692,0.0395653141837966,0,0,0.0496594614824519,0,0.0370816798910695,0.11871520132137,0.0247454068419894,0.152075432397593,0.0717623626697341,0,0.0365401633398588,0,0.015912755930814,0,0,0.448756611817751,0.895271168981097,0.807708518357966
Sample121,0.142647944410406,0,0.0617118892283098,0.175641385976432,0,0.243284109939538,0.0364355457666738,0.0743760743309975,0,0,0.0506704336393925,0.0383211450334386,0.0457475893206591,0.0989593996034702,0.0336456742674862,0.189278549685132,0.0335230350228664,0,0.0862433564714183,0,0.0123662474740891,0,0,0.519543349251347,0.860406343884454,1.32285238017031
Sample125,0.226728334348454,0.0610777056225898,0.331983564513572,1.35714358898956,0,0,0.394128635514187,0.467020905237799,0.0957139766997226,0,0.148536674489731,0,0.0863956235911831,0.152162766647161,0.153687447918932,0.365213109418933,0,0,0.108341263607975,0,0.00725390053047763,0,0,0.337416937223955,0.948921380377063,3.95538749713028
Sample126,0.0469568815786314,0.0207491179528258,0.0605938800626516,0.133194988765022,0,0.147006338530754,0.118053616709722,0.0562939945157898,0.00530037054786835,0,0.0518287759494818,0,0.0412091706273576,0.0753115023627308,0.0531298933897983,0.237337680658172,0.0559724298565612,0.0101889633203779,0.0703174323588248,0,0,0,0,0.541469529156545,0.856576736679409,1.18344503718657
Sample127,0,0.0574917387165772,0.0666188929279062,0.0471149323059316,0,0.234674141901878,0,0.0204303599513282,0,0,0.0565969781504999,0.0117151100370605,0.0208341445209428,0.0521724467326619,0,0.121098155268181,0.0140545786115915,0.0267050839320911,0.0190318498166931,0.137318967280727,0,0.00314773996106572,0,0.494096726490723,0.87264581779442,0.889005120115136
Sample130,0.0622020300592652,0.0455005050523061,0.118376063064827,0.183771366700816,0,0.193463882026546,0.0747262314883271,0.0742041061757583,0,0,0.0779524555579795,0,0.0390847648860148,0.132069592072777,0.0315314074156275,0.317955554600031,0,0.052578914943027,0.058168733232715,0,0.0480316379381584,0,0,0.35784154768891,0.933452137176504,1.50961724521418
Sample131,0.0214054422562063,0.00360701276574619,0,0.0277668902975179,0,0.120588535415466,0.0324550363715819,0.00430594377669428,0,0,0.0677267884845323,0,0.0686772267189218,0.126322757037134,0,0.458784942352717,0.225798372959497,0.062464120679069,0.0148741688759979,0,0.0137867336736005,0.000617479111240306,0,0.536913893481137,0.846609188524972,1.24918145077592
Sample132,0.327385004218223,0.0664118907133948,0.27500027565773,0.19669057314209,0,0.13981355428232,0.0650778863246424,0.223520818072759,0,0.00420588236287849,0,0,0.0590835418360987,0.165527051675804,0.0158815256813185,0.369525655831613,0.000911352241009239,0.0830488085313075,0.154367207891161,0,0,0,0,0.659087533027125,0.780556423346821,2.14645102846235
Sample133,0.0650579212635582,0.0585133765037626,0.070897330609017,0.129303416377599,0,0.162809726814253,0.162856753895498,0.104136167701826,0,0,0.0202432753301803,0,0.00540682315971918,0.123125554954683,0.0274211727565167,0.195502539087314,0.265257696259314,0.0382595996324352,0.0627390470185034,0.00253456002514945,0.0206140551966532,0.0251179979907334,0,0.288151693796437,0.95994744946399,1.53979701457672
Sample134,0.184341083117443,0.114788394130125,0.104566401214571,0.133989331376669,0,0.367803446672336,0.0850704034880363,0.165710227331121,0,0.0594232262506471,0,0,0.0658598948301669,0.0130393547807959,0.0313293826208146,0.244273226732018,0,0.0737689704531749,0.115726084159304,0.0916240952966987,0,0.0163822860544147,0,0.399948725858138,0.915600305240946,1.86769580850834
Sample135,0.0729078827165951,0.0851481877825349,0.00556702239234395,0.0910208667457823,0,0.164512087723778,0.0664085956378321,0.0242838679813366,0,0.0175805645273798,0.0550039444854125,0,0.0147061243681881,0.047581154884114,0.025123303584128,0.159544780663908,0.133397236633323,0,0.0283238620177236,0,0.0172186657019883,0,0,0.483133469580646,0.879734476438771,1.00832814784637
Sample137,0.122937009549012,0.256834593256637,0.201357677117155,0.343549156741308,0,0.46802234658508,0.0469838562762474,0.10415252456192,0.0048063169876343,0.0337047680696277,0.0593443514406845,0.029169129499182,0,0.352133848119981,0.209915459618419,0.608133235387958,0,0,0,0.0238584283868585,0,0,0,0.473903254101963,0.880260892212961,2.8649027015977
Sample13,0.00530840996399182,0.0158609757669694,0.0433232157987077,0.0372674577430741,0,0.0759122639307591,0.0235798524492705,0.0236270719087228,0,0,0.0156358290462335,0.000769185620850367,0.0392081674925462,0.130428960823228,0.000802509223734372,0.116540359573991,0.0700017817808811,0.0208534358455838,0,0.0138997965077335,0.0394298096865303,0.00122834686729371,0,0.579746432137874,0.830102312237982,0.673677430030101
Sample140,0.0471140038268011,0,0,0.0391252667095271,0,0.0200476480296509,0.0212586838535007,0.070300427858386,0,0.00269733147000125,0.0125287547681219,0,0.00297382665116758,0.0806836057855949,5.71585832929105e-05,0.184868711986688,0.153918007026423,0.00694859333341123,0.021034857461168,0,0.0393611766178256,0,0,0.323553778706029,0.9510970912199,0.70291805396156
Sample141,0.0175442973395857,0.00371534192155412,0.00645770199839715,0.00642890457006855,0,0.0551273026040616,0.0153398528629619,0.0134935236680967,0,0,0.0292093260088699,0,0,0.295051369157918,0,0.0864268318384623,0,0.0229667370354918,0.0299412661448861,0,0.0145804672731308,0,0,0.49698204532436,0.873373114792533,0.596282922423484
Sample142,0.0384664680724687,0.0520869736698699,0.0604066819748243,0.136279008437615,0,0.0515586861056087,0.0839707958255231,0.0481187154132367,0,0.0306649288160559,0.00423047897268111,0,0.0618424298808111,0.0271633271385751,0,0.427416696718033,0.209605829480345,0.0722073358133781,0.0525277747294731,0,0.00120012656304759,0.00045931281149085,0,0.480151669570106,0.881443141351313,1.35820557042304
Sample143,0.105879444892177,0,0.0211209028379811,0.0513304173643144,0,0.0825675841983481,0.0532305668847638,0.0483496703568077,0.0588162140407932,0.0224842665872216,0.0638127636073741,0,0.0338365881443207,0.0178253641731322,0.027107146061585,0.175794082743316,0.0398278960156333,0.0325956748266985,0.0534930605245342,0.0222516370027374,0.0425921956860717,0.00491706128884381,0.02,0.2120646793311,0.988490913846387,0.957832537236654
Sample144,0,0.0698296033634287,0.0183809378661643,0.0375962116578661,0,0.11619979721954,0.0972940946932682,0.000359330399622084,0,0,0.0561421982125685,0,0.0598559269875679,0.0229421206944617,0,0.20707019151846,0.164915127236586,0.0251225187142854,0.0680814855093092,0,0,0,0,0.357712320815454,0.933724181038267,0.943789544073128
Sample145,0,0.0459663313967313,0.0178272822015034,0.133476675123935,0,0.0901207673902053,0.0257172440720393,0.0226462605071846,0.0245407071408611,0,0.0222985631518983,0,0.03112472165376,0,0.00758623786878896,0.267996447350247,0.401771751019448,0.0144860214195296,0.0951081878805615,0,0.0320649175379567,0,0,0.557092938142978,0.848436240673868,1.23273211571465
Sample146,0.0278230111929081,0.0553458378730086,0.0443134073833525,0.0152374515687111,0.0135228829659808,0.082046195261822,0.0422231546012735,0.0234130322261856,0,0,0.0403804811926133,0,0.0366781714569333,0.268585902984756,0.00612712867634178,0.220354796280668,0,0.0130150997162166,0.0183619243002923,0.00494221468718133,0,0,0,0.728353817351235,0.727031557161684,0.912370692368245
Sample147,0.0194058833023843,0.00748974838714995,0.0115937353947162,0.0296291042235237,0,0.0712860671616432,0.0473435332654201,0.0387417140796563,0,0,0.0437732839847507,0,0.0197466868388076,0.0909234658342587,0.00759003842912627,0.103151572919002,0.0214398464489082,0.0343396084819254,0.0383470617650287,0.000382470076720798,0.0181674261373799,0,0,0.315189994549186,0.950727994135644,0.603351246730402
Sample148,0.0444677195106129,0,0.0134527448185681,0.0326648213173439,0,0.0304048096002426,0.0282679791897959,0.0202932159674925,0.000448664436740548,0.0134709462395724,0.0108666299504453,0,0.0186921979352612,0.141557403501959,0.00436344737896721,0.238431845061504,0.163643155274952,0,0.0623515859912471,0,0.0390534942889801,0,0,0.526834563911066,0.853665481303622,0.862430660463684
Sample149,0.237457884183769,0.0963350596398886,0.0755732137765877,0.20471343393782,0,0.279662891486769,0.0520297397296522,0.0419642283592309,0,0.0555468521608219,0,0.044995222427546,0.181876871475493,0.0816731046435714,0.0329423659421805,0.546004410306733,0.066596388293844,0.0517098847344862,0.0628951805286017,0,0,0.0149564998433669,0,0.667326066076394,0.787833287628454,2.12693323147036
Sample14,0,0.0875140990312277,0.0434807341511149,0.0753843407322219,0,0.174312633412773,0.0872239554908377,0.0219269550442532,0,0.00699318394338532,0.0176545276088336,0,0.144007677228228,0.141987714163826,0.0273384507477926,0.268893204795974,0.0678891236287466,0.0144717137643978,0.0549516954092382,0,0.0320410255408918,0,0,0.595597215326554,0.829424212474977,1.26607103469374
Sample150,0.0910787103208617,0,0.0717348662936809,0.044754418977049,0,0.249691226161728,0.0445332718545247,0.03976639211019,0,0,0.0190572282211786,0,0.0148928113894247,0,0.00886735159047714,0.22340786310805,0.130498957723202,0.0173207591446221,0.0233785582031977,0,0.0250843194234888,0,0,0.372335050342168,0.927639165579117,1.00406673452168
Sample154,0.0930542599588472,0.0547282934064232,0.103951682906153,0.00156542772415439,0,0.126543503420352,0.0123545643771478,0.000729158588852608,0,0,0.0579073799119283,0,0.0113349557802392,0.00936608432321014,0,0.198991400760173,0.056652801984359,0.00299866199903969,0.459035542992951,0,0,0,0,0.486643100348125,0.873639535170865,1.18921371813383
Sample155,0.0287389490318497,0,0.00287089395954002,0,0,0.0832674914276712,0,0.0569730279072866,0.00690826858626908,0.00775853295519327,0.0219481843765019,0.00704828101320187,0.00582033394823956,0.270938599323669,0.00859650202074059,0.190826736296043,0.0103475945401024,0.035890198485648,0.0463456328615541,0,0.0120681875926291,0,0,0.712145634107478,0.728624542806835,0.796347414326139
Sample156,0.0133931503354417,0.0164106548346448,0.00460375355930655,0,0.0109395523074098,0.0425472399523652,0.0377624246628419,0.01397626125105,0,0,0.0298235654329355,0,0.00849730959232072,0.364085953426382,0,0.248098059987447,0,0.014312069355708,0.0624745285818323,0,0,4.46805338224235e-05,0,0.701157285867104,0.721674715618897,0.866969203813508
Sample158,0.0677259298113096,0,0.0424883136549472,0.071310831972759,0,0.0985494955465218,0.0488804284543324,0.069197157795266,0,0,0.0240841043072732,0.0288843305019973,0.032980771864214,0.192890579883319,0.0308736004351682,0.250892196908594,0,0,0.0214538575692154,0,0,0,0,0.692182585836305,0.765636498039762,0.980211598704917
Sample159,0.0996370982195391,0,0.103421396671319,0.0171050565004034,0,0.18327736176496,0.0648242051029425,0.0522131597836316,0,0,0.0640484072659708,0,0.0609411009073225,0.222121930646951,0.00308143845389279,0.208131478457603,0.021744057228111,0.0191672227382353,0,0.0452491047250182,0.0169887632362258,0,0,0.499540232407125,0.86928332962482,1.18195178170213
Sample15,0.030603231945171,0.0223944965228478,0.00869397595876166,0.306700906872588,0,0.116098919063665,0.126983818556001,0.0420159486853033,0,0.0448127581325876,0,0,0.0069805110423742,0.0357344597494222,0.0319265113079365,0.163224116876535,0.167499137207846,0,0.0555704075505215,0,0.00846229342278787,0,0,0.569573955092805,0.836931576524069,1.16770149289435
Sample162,0.152848625856383,0,0.118177645986101,0.0832160480806792,0,0.247686351788109,0.0417271957301853,0.0646797588278354,0,0,0.0941188299368425,0,0.0393784367700045,0.0552298361533948,0.0166282905972007,0.206095517696777,0.0399257386794476,0.0369697434219323,0.0800616349704795,0,0.00606550107606768,0,0,0.424888323010213,0.904530014124755,1.28280915557144
Sample163,0.154579312450081,0.115732305962205,0.0378175700290696,0.0509465581200395,0.00284374468263883,0.251827815283953,0.0108726062842906,0.0217226046444796,0,0,0.0546655932356333,0,0.028943540380964,0.0455318779320071,0.00375725455370261,0.145883798559004,0,0.0315273033033493,0.0491043504122477,0,0,0,0,0.696413085461203,0.754999167415158,1.00575623583367
Sample165,0.0394019383774691,0.0313819360508074,0.0234921409848459,0,0.0269315647637538,0.0638321400543325,0.0945151929825383,0.0261578963792589,0,0,0.0517757118052675,0,0,0.3856066543505,0.0086689343465562,0.214984083225111,0,0.00900529402645247,0.0342491374950302,0.000933124759094094,0.0340813336432445,0,0,0.665728949474317,0.761392560925596,1.04501708324426
Sample166,0.0163168393871814,0.0301826644929503,0.0592773759591469,0.010302652824217,0,0.0802897632080972,0.0097656756403663,0.0127357979004,0,0,0.0295626700398687,0.0098438695914387,0.022704909659765,0.139499850528436,0.00755635594976527,0.128155223364429,0.00323030963249752,0.00900722147039302,0.0182196083462833,0,0.0463501700326192,0,0,0.303398046406769,0.961578456183762,0.633000958027855
Sample167,0,0.0530761800561765,0.0322840359428734,0.111572733109773,0,0.00511624233041865,0.0562511614610092,0.0492550044101873,0.020472150585488,0.00803922267616861,0,0.0206115264718196,0.000525447304217137,0.20265046798943,0.0223473353896258,0.340701830639122,0.0307123011546817,0.000318845189267823,0.0791256428379884,0,0.0350921082791396,0,0,0.588759630059342,0.821098462294104,1.06815223582739
Sample168,0.00718719329546557,0.0247149302664433,0.0151651151878982,0.0258891772312555,0.0556993766269415,0.0241521630830936,0.0244031312831629,0.0226754553070498,0,0,0.0284120102699993,0.00142035890131657,0,0.380559562055596,0,0.174206750178385,0,0.0204868344088614,0.0521527524014073,0,0.0160612269445125,0,0,0.436139071148418,0.909314732635154,0.873186037441388
Sample169,0.00187260273930404,0.0506625635470073,0.0143965450052101,0.122772590163069,0,0.133555489405409,0.0437387347020392,0.0435758712842697,0,0,0.0166160554903935,0,0.0705277941889548,0.000271210326171613,0.0355074371255874,0.179257669944393,0.213293665445747,0,0.107525779672108,0.000841372240187111,0.0031518110685774,0,0,0.683658082850148,0.797621716902211,1.03756719234843
Sample170,0.012568278828309,0.0260707243428757,0.0144945655605192,0.0688661824649706,0,0.147758683981255,0.0240465522035011,0.0398222649355589,0,0,0.0555475795063301,0,0.0247210521970464,0.102418667529841,0.0495789327405005,0.178752649766068,0.0669484912864218,0,0.0559139807871406,0.00692245465229357,0.00857101075450956,0,0,0.448199768542764,0.894716259761885,0.883002071537141
Sample172,0.0297201807771306,0.0244793579467756,0.0289994418557783,0.109246233201747,0,0.455960752719686,0.00806435189276937,0.0155811265129167,0,0,0,0.019097155498157,0.0153415448781127,0.0555664476122925,0.0383294908379317,0.28933239105298,0.178093191730281,0.0165250004784332,0.365861242137549,0,0,0,0,0.847792831392865,0.695281348630281,1.65019790913254
Sample173,0,0.0925241637406014,0.0333379915265775,0.0230234913277754,0,0.120400366872347,0.0291438616998321,0.0147583808281492,0,0,0.0224095549611337,0.00346959235784566,0.0166271339863376,0.141634405581592,0.00178233320564481,0.185868393178973,0.0983167147143606,0.0154192139547577,0.0213630917047575,0,0.0786295968716949,0.00463595643868066,0,0.555570361619681,0.843544677289263,0.903344242951061
Sample179,0.0753729293434742,0,0,0,0.0214879157299683,0.130901239181944,0.00812647017593119,0.0161249365388862,0,0,0.0667347241524533,0,0.0247805290058615,0.00964137669002056,0,0.0435831452731611,0.0205879924601534,0.029675661622575,0.0343067878811441,0,0.0233154670316711,0,0.08,0.135669206180009,1.02694966428254,0.504639175087244
Sample17,0.128293678659681,0.0107755900981526,0.13630357684006,0.0990811375313886,0,0.174944855167395,0.0511150740436657,0.0676436754044901,0.00421633356679832,0,0.0596842620145688,0,0.0415625360303595,0.233892799423513,0.0469616663177303,0.505535110422483,0,0,0.0450829414343773,0,0,0,0,0.549217205942065,0.842593986156989,1.60509323695466
Sample181,0.0431131952728711,0.0263200796706693,0.00644718335879138,0.107933584686052,0,0.351522678227474,0.101279072745422,0.0145145364081928,0,0,0.0600950731663259,0,0.0453750809360257,0.0672257893900536,0.0380466814028564,0.198611820536698,0.12411423391327,0.0440278820076435,0.128388986618629,0,0,0,0,0.719908040159636,0.772740009718233,1.35701587834098
Sample183,0.037089548301525,0.180511930196792,0.0125002502594892,0.122736033056452,0,0.19110014236226,0.0412273797713003,0.0276749662041612,0,0.045044348433872,0.0222319652996153,0,0,0.0160853643800165,0.00757763045594771,0.143502472173083,0.144970749806692,0.0683704326934587,0.0704678052077777,0,0.0172913541272302,0,0,0.551911845772115,0.847895938447905,1.14838237272967
Sample184,0.0431547167963367,0,0,0.0139224917803408,0.000667851923984582,0,0.0747452578143737,0.117375388930684,0.00650910703942877,0,0.0232040410625098,0,0,0.403691362856894,0.00767615079520127,0.245179125555259,0,0,0,0.0464430409565049,0,0.00642168641094316,0,0.813089694740916,0.630618026212537,0.988990221922461
Sample185,0.034472255817512,0.0343323717095605,0.0600712755848599,0.111784424742287,0,0.068872015762712,0.0172458762684029,0.0330895879952166,0.0116241214102776,0,0,0.0382423062927639,0.00626976379653667,0.194637633182078,0.0230573424205348,0.197894544969884,0.100056382603688,0.0102952816755884,0.163684982223737,0,0,0,0,0.67388918572577,0.785674339315112,1.10563016645564
Sample187,0.176093285946048,0,0.0737208731230433,0,0.00707332332293573,0.213816921047083,0.0886200713740024,0.0380792254877384,0,0,0.121566320369662,0,0.0462710143451365,0.0465712946528635,0.0134761637523468,0.24488561639809,0.0978025120763193,0.0168968763663887,0.173334400830497,0,0,0,0,0.37743214376479,0.925341200160708,1.35820789909215
Sample188,0.0478223757036763,0,0.0307761900026355,0.0444137459057248,0,0.102812398514132,0.0115602201461999,0.04461828327163,0,0,0.0183521019787345,0,0.0307099035276007,0.043571088892585,0.0202140566522318,0.168672634530247,0.0183893132096805,0,0.0358489563938243,0.00478539310326352,0,0,0,0.460394061926368,0.889184995266841,0.622546661832166
Sample18,0.0410319670980932,0.0127800446622691,0.0559048096401377,0.0527099876410081,0,0.0580814750530686,0.0952260597448853,0.06594128310175,0,0,0.055059340259916,0,0.0324254148368781,0.0472681366027486,0.0422390796221366,0.0982417859509584,0.0406671385750587,0.0126501246477271,0.00205607958613036,0.0368109239308387,0,0,0,0.358365914057136,0.932685204808764,0.749093650953604
Sample1,0.105668347111544,0,0.0461364221255383,0.0879244062636407,0,0.0684267385991012,0.0609491854808665,0.0370749910086326,0,0.0245246702143108,0.0398532829931993,0,0.00439068614920133,0.0254135386052591,0.0101500025968872,0.151569605624195,0.049790391589858,0.0142579451840631,0.0316988620945393,0,0,0,0,0.422111925108788,0.905833903194825,0.757829075640837
Sample20,0,0.0934698280604964,0.0147266297687033,0.160259688443727,0,0.0705441581872527,0.121301310131452,0.0143875037719295,0,0,0,0.0171759812105863,0.0851418461788136,0.0372652324853378,0.0440012217571447,0.41641298044661,0.0665647118063015,0.00240867825468053,0,0.102242197364924,0.0432288399795935,0.0153565354715226,0,0.690071684486063,0.782669353333393,1.30448734331908
Sample21,0.00346161849519724,0.0351634894115927,0.0316337144081715,0.0465874222735008,0,0.00689319789286752,0.0668042194493584,0.04948353887465,0,0,0.022469886378912,0,0.0132723306763034,0.147561211855272,0.00658019473291367,0.136618771159174,0.117467242056712,0.00735005129947117,0.0209366897344318,0,0.0119037716606007,0,0,0.363327896053583,0.933390230270796,0.724187350359129
Sample22,0.0372140303199094,0.00310381299696851,0.00486829573838241,0.016480273590843,0.0017101971346035,0.0581028219859611,0.0134229175889194,0.0159433081524883,0,0,0.0392885355242085,0,0.0153037044706301,0.0347949399984867,0.00189768850576154,0.204030182736307,0.138763117964358,0.00654549932021152,0.0577753054341887,0,0.0169187640201629,0,0,0.234460953526385,0.986881054462609,0.666163395482391
Sample23,0.052744117546858,0,0.0757798891470061,0.0193267361832792,0.007528777973015,0.0950483081718038,0.0204308487535139,0.00608372571332502,0,0,0.0309238428819551,0,0,0.300388587085751,0,0.141678343447502,0,0.0104868219823436,0.0216036206475494,0.00681418928380616,0,0,0,0.674913671636512,0.751919639280506,0.788837808817708
Sample24,0,0.0644323106415515,0.184737806942958,0.105478014552768,0.00021340728398969,0.0518200945455122,0.0128454601540432,0.115567210583661,0.00349302723194542,0,0,0.0672663799025966,0.0867704315422003,0.23749903405942,0.0121888656609716,0.236450382037654,0,0,0,0.203986007487431,0,0,0.05,0.161915924235283,1.02323012316072,1.3827484326267
Sample25,0.0245723290206659,0.0237425963122823,0.0110241854752865,0.0422987609997331,0,0.123502220454665,0.0971266226581847,0.0160151664217216,0,0,0.0586453280496121,0,0.0333948708378906,0.123832325394677,0.0147663945790422,0.251161876518427,0.131830710607205,0,0.218029423291517,0,0,0,0,0.524221224887716,0.862572254890692,1.16994281062091
Sample27,0.164875671674368,0.229197479632332,0.0765043240787271,0.183992180993037,0,0.278777632004228,0.115076641543996,0.0980267310426143,0,0,0,0.0115579903695804,0.0136181461581518,0.0597188902080034,0.0719426948221119,0.138968188944258,0.0725666226113631,0.00640060373662885,0.0242105922895486,0,0.0407261649450846,0,0,0.54990725565869,0.839888149532911,1.58616055505403
Sample30,0.0496093448195286,0,0.0518631050771336,0.386543695712218,0,0,0.13043188156191,0.0653251273572841,0.0180778356447575,0.0246768888666114,0,0.0293796486146526,0.0194131636224961,0,0.0322192455886482,0.268868823358781,0.0761889261188119,0,0.0449299819238079,0,0.0216283868001365,0,0,0.591290125345757,0.824727966983967,1.21915605506678
Sample31,0.132214151100434,0,0.0788856031405226,0.0301313016053493,0,0.0448246818468575,0.080943838010512,0.0346526212082703,0.00317848332146002,0.0120331872285511,0.0205320669544895,0,0.00323403574762934,0.04526860186217,0.032004937617252,0.293480807221687,0.0658673529969061,0,0.0436790502759028,0,0.0594730454327793,0,0,0.414559733322015,0.909335644942477,0.980403765570773
Sample32,0,0.0335927268480067,0.0434691703702879,0.0192345126455758,0.00844616619726752,0.0784983679868499,0.046981833075689,0.00784611235641973,0,0,0.040938512926201,0,0.0279651287476927,0.0807137573935376,0.000263661121002447,0.127861438540762,0.138351395476219,0.00431895797775952,0,0.0801426824230692,0.0609708867326541,0,0,0.347562808171021,0.938010717805616,0.799595310818993
Sample33,0.197070172665208,0.282309874345256,0.117322486081703,0.14639001338701,0,0.368674441830583,0.0912745098883418,0.00223277869949397,0,0,0.0656484258310644,0,0.166926064836052,0.247277017048148,0.025388557029933,0.565020391961302,0.125861904494186,0.00780059639063471,0.259547538178033,0,0,0,0,0.475129083046474,0.882238105310219,2.66874477266695
Sample34,0.0653244101222394,0.0485475864830841,0.0319053677354795,0.0336641684246474,0.0161341226840285,0.0405307104114668,0.0310526408821329,0.0107151407158626,0.000784518476894077,0,0.0449457153413798,0,0.0219573051604881,0.00563783786307665,0.00473602287017092,0.179204191391755,0.0417771736162959,0,0.302256455473518,0,0,0,0,0.54880463825571,0.842862466500176,0.879173367652521
Sample35,0.057891925467675,0,0.0582452101719164,0.100444572071021,0,0.0634446825869515,0.0061147451992526,0.110146123878627,0.0330171685908228,0,0.0376467329027867,0,0.00242188597077514,0.112365615595214,0.0215263329980451,0.185899264685585,0.00051662189642843,0.0143558052136925,0.024608854602405,0,0,0,0,0.551989409473929,0.842938387800437,0.828645541831198
Sample36,0.082556311409306,0,0.0267251378883875,0.0359945192669507,0,0.208450589158709,0.00688892643416696,0.00403501011909412,0,0,0.0221804895893105,0.00856247644653104,0.0214981705814661,0.0444783315419735,0.00126804930715403,0.106742487386474,0.0132836336945292,0.0282013083266489,0.080223944711117,0,0.010508357783553,0,0,0.49220531284807,0.874504563734381,0.701597743645372
Sample37,0.299793203733799,0.0674702998150943,0.186505820870881,0.159069662747655,0,0.39045316635957,0.0428020069324057,0.0781348568415407,0,0,0,0.0747156127423365,0.00704028887135548,0.193452512757451,0.0226720902013485,0.356202033111596,0.0194216478565908,0.0193105011792725,0.0153534129543473,0,0.00633884612370356,0,0,0.525430771649541,0.852310293743897,1.93873596309895
Sample38,0.0554035209372233,0,0.0380100818158712,0.053827221425522,0,0.125618695500736,0.0334680268662303,0.0162889799519357,0,0,0.015412805309811,0,0.00320352848881811,0.0717041714060185,0.0127867638355655,0.122635229286685,0.0223938119231749,0.00843775291803118,0.0262645616214891,0,0.0307327669641125,0,0,0.531072524033471,0.857217920258504,0.636187918251224
Sample40,0.085264591932599,0,0.0373906027294631,0.0826366807034292,0,0.0864737694656388,0.0713061789139342,0.0319563017053454,0,0.0033674590757595,0.0214661134535443,0,0.00884827021885991,0.0594811940745511,0.00921287633095164,0.107740438319783,0.0434843217313075,0.00073425053046041,0.013311130127131,0.00164771079767694,0.030007435156204,0,0,0.388763873344064,0.920548801649723,0.694329325266639
Sample42,0.0516173026747664,0.0133321233015839,0.046797676697668,0.0443607647179503,0,0.1202027443936,0.0213012115476247,0.0424898084770684,0,0,0.0242337400909052,0.00860534314991081,0.0140815297021469,0.200056815985258,0.0211416410920228,0.115703924370572,0.000991535720073815,0.0032449783359309,0.0211046241000997,0,0.00958311629694485,0,0,0.555706658728929,0.837514874285508,0.758848880654126
Sample44,0.469902407879297,0,0.0978334934578799,0.125901823681555,0,0.183571145590503,0.0224198240354718,0.109570644253274,0.0359034680116237,0,0.0135790461687172,0.0418349639336364,0.0771136789588764,0.159138074523534,0.0763369482571805,0.252885831558819,0,0,0,0.0233789138827805,0,0,0,0.724158233920076,0.730161117141895,1.68937026419315
Sample45,0.0640397306789185,0.0487789726409415,0.058790215784392,0.139647456443387,0,0.181085176961825,0.0191338369219412,0.114288270413361,0.0085943933555822,0,0.00180445245536258,0.0406161566922455,0.0177733456210355,0.273830430968705,0.0282971574534983,0.362897039515968,0.00126834525556678,0.00314044743771713,0.000549350327452627,0.0104175904486501,0,0,0,0.512254764631694,0.860025471708665,1.37495236937655
Sample47,0.025262780466675,0.00963166664444506,0.0200729629597938,0.04734654955002,0,0.110165487442663,0.0277218305212008,0.0501909818289134,0,0,0.0554530900900003,0,0.0234757995985274,0.0137939478560121,0.0170369762259928,0.138705098643883,0.0864584102530012,0,0.0268884371757605,0,0.035450624698322,0,0,0.239126008588083,0.97932149001633,0.68765464395521
Sample48,0.0294242896928385,0.0221278581940031,0.0337470985086864,0.101035264269073,0,0.0279591635024605,0.0427134952666209,0.0533703855678118,0,0.00826589945513509,0.000782850441592703,0,0.0141228568465296,0.0182564916316435,0.0026501615863722,0.109132140131202,0.0175264016729225,0.0246110346941923,0.0516909054819433,0,0,0,0,0.459079411786117,0.890873950826444,0.557416296943027
Sample4,0,0.0811839735562414,0.0185029106075201,0.0434796888501674,0.00294096618243812,0.106556447064465,0.0479364193528106,0.0267452323077303,0,0,0.0444009423642187,0,0.0153233427790867,0.097352440208513,0.017959078704053,0.154869368965841,0.0862916558122194,0.0204035627546415,0.14967188765714,0,0,0,0,0.437626140779931,0.901139640920714,0.913617917167086
Sample51,0.19407787592804,0,0.02011673578005,0.0156555895942317,0,0.0388850762064175,0.177391025590915,0.126309154285167,0,0.0251188088909909,0.0473776906716028,0,0.0114288438685346,0.0395012053704357,0.0712414687339386,0.333063197873713,0.083536226562781,0,0.120591590863059,0.0200721199573754,0.0687314208823786,0.000794594120618812,0,0.56306091779766,0.848654450703727,1.39389262518025
Sample58,0.0414899640081109,0.0384437446675649,0.00334927559387192,0.018988081776426,0.0328284536500626,0.0916763019286479,0,0.0167739384711667,0,0,0,0.0471708094941611,0.0145490693101041,0.0479911819639319,0.0134622830402405,0.0638441949017961,0.0785191488163551,0,0.117308608195538,0.0097483009038946,0.0189797811964067,0,0,0.585902968232398,0.834697809826987,0.655123137918279
Sample61,0.0249341971974174,0.171426578287316,0,0.0996131972228859,0.028980825462946,0,0.223545395861603,0.000464351815497722,0.0143057268534898,0.055011594642667,0,0,0.0875394261208717,0.125634058331456,0,0.34101311917145,0.201861029902508,0.109148293334106,0.126230709271412,0,0.175763455178667,0.0732974997031115,0,0.563857276209984,0.848537862629874,1.85876945835741
Sample62,0.0626840421167776,0.00124041168006629,0.0526546708107643,0.08598536938273,0,0.208352963658459,0.0532654019341724,0.0391816086995523,0.0029993055296264,0,0.0727041836241382,0,0.0388688193795302,0.202688263719633,0.035884940522043,0.448625825340932,0,0,0,0.0720009572213328,0,0,0,0.714820524029153,0.752556575263579,1.37713676361976
Sample63,0,0.0304698413305612,0.0151127466288636,0.0835236073495667,0,0.0495640225983942,0.0841624885388464,0.0300407972081177,0,0.00449454661761394,0.026868251669461,0,0.0144676151225713,0.0389852129730771,0.0373247970988987,0.140629258265255,0.081020650239835,0.00567160714727351,0.0410666141184933,0,0.0108775483849618,0,0,0.475839359268854,0.885924024574419,0.69427960529179
Sample67,0.0493800162481561,0,0.00377351994693451,0.0593641093946885,0,0.0161184339458509,0.0183195784038303,0.0315131545026187,0.00662239290226162,0,0.0200716551955481,0,0.0172935863689474,0.0706855935550744,0,0.0799045551031357,0.0228620967802508,0.0288552363370969,0.0698180457678696,0,0.00518722736127612,0,0,0.41863108853281,0.908044445422157,0.49976920181354
Sample6,0.0083621121752864,0.0295016855334856,0,0.0346086122021096,0,0.138394191352875,0.0201315549959372,0.0425303957241352,0,0.0222730253467256,0.00424439990187765,0,0,0.139257098058146,0.0146984373379546,0.156128044136547,0.0298770702564491,0.000644295286298903,0.130244695958259,0.000225251211170728,0,0,0,0.756090592952296,0.735204930360943,0.771120869477257
Sample72,0,0.0955239149420193,0.0398562701474801,0.101538290546544,0.0430996350135557,0.311847281040133,0.0451214404522924,0,0,0,0.020015991983189,0.025072155178859,0.0112755770860382,0.124451558432192,0.0291301401431893,0.110154440534474,0.0525973877842766,0.0228697268604644,0.0231895671274478,0,0.0120147389492946,0,0,0.62211547234657,0.806144166366922,1.06775811622145
Sample73,0.0182297755084577,0.0269241611770044,0.0384483831448629,0.0535481810943732,0,0.143625709230892,0.0425470202794374,0.0230479107595327,0,0,0.0267671073560355,0,0.0157000217356775,0.0313116231248155,0.0185419292312612,0.149344935695807,0.0833079396750726,0.00793528090817224,0.0530678808946753,0,0.00843185534439043,0,0,0.401631688343327,0.915776810788579,0.740779715160468
Sample75,0.271643299320304,0,0.206330774677581,0.355828487309376,0,0,0.103265849103206,0.171296592129229,0.0688259980168888,0,0.0104850096289195,0.0459157418671118,0.0284600686224341,0.0379939995200541,0.0922467102946946,0.261155973399823,0.0563712964682681,0,0.0786650668541245,0,0,0.00436751291644011,0,0.582411827866005,0.824182812055926,1.79285238012845
Sample77,0,0.0384919256209739,0.0641257188220429,0.175999348424889,0,0.0974020130376816,0.0644047247997882,0.109649158942281,0,0.0278955459991409,0,0.0314627922157702,0.0199791564805007,0,0.0265180608585501,0.298927365415437,0.100537841307713,0.000113246623457849,0.0746663357388985,0,0.110061053715246,0.00628581610291929,0,0.545450928563055,0.855052319396558,1.24652010410529
Sample78,0.0430357279325459,0.0161721683968183,0.0258174858017333,0.0340452139104028,0,0.232635914267977,0.060413812402429,0.0146706364166896,0,0,0.0200485100180953,0.000842306379588957,0.0249110916187366,0.363187368961979,0.0549212728679385,0.351513895859683,0,0.03261220597591,0.0681853504863949,0.0265201825944017,0,0.00332926795867129,0,0.78522142872069,0.693860054963918,1.37286241184999
Sample79,0.0100251948818697,0.0252845526722716,0.0213114966933638,0.160995212878333,0,0.120424430467904,0.053071298351252,0.0728305761170115,0,0,0.0595955794994656,0,0.0399442402474498,0.124876477446733,0.0328964250572548,0.437385867830382,0.0342510791954835,0,0.0660447690446461,0,0.00737864787173206,0.00315878459491893,0,0.64415681410294,0.796344144821267,1.26947463285007
Sample7,0.0629852903208845,0,0.0399155182435511,0.128054139211021,0,0.135533335813816,0.0368263311322248,0.0482112132176411,0.000369649993027341,0,0.0138781979549905,0,0.0088506393430496,0.008016320929164,0.0228879326239456,0.163879090071453,0.127484537902568,0,0.0275900660110332,0,0.0163888032570709,0,0,0.493813647299959,0.875183860378043,0.840871066025441
Sample82,0.0121995695534018,0.0619252182469102,0.0100399811082784,0,0.0210259370896754,0.0932413996918595,0.0135203112686881,0.00902803607000428,0,0,0.0565100462288116,0,0.016917488590664,0.0731740652343716,0,0.130905143427338,0.00849551808903652,0.0295189262360504,0.0452517368145687,0,0.0563880373833349,0,0,0.31485311501998,0.951028884782958,0.638141415032993
Sample83,0.0454969123036487,0.0127549837138374,0.0254655880823362,0.0243111531968867,0,0.0397155660964287,0.0388729544147459,0.0169986463605345,0.00135324265473866,0.00488687274694248,0.0344242226602205,0,0.0156363913431269,0.0240716680559562,0.00684080679723765,0.113336431258715,0.104276584794322,0.00133481984141999,0.0576154663916167,0,0.0199618618387533,0,0,0.274940755676549,0.964888483280886,0.587354172551467
Sample86,0.206025795696128,0.323184603372959,0.36360300147757,0.577911805237314,0,0.309301647017356,0.0675652939016946,0.258008324805169,0,0,0,0.0368106723365251,0.0512799149784135,0.208599797921094,0.15663700117808,0.318921178023359,0.0190150708398291,0.0492730922814057,0.0733889011888473,0,0,0,0,0.514730251460352,0.857772539631547,3.01952610025574
Sample87,0.171659470868105,0.170539323390568,0.138301187641673,0.137234248855756,0,0.399718071734718,0.181405153319692,0.147528594828719,0,0.00682369691879988,0.125708788318545,0,0.0221141100796657,0.109605786326425,0.0506751254474698,0.207339535850728,0.0408544246834506,0.0230333993428918,0.0401231537436446,0,0.00273562609693122,0,0,0.504107259106496,0.865680858263715,1.97539969744778
Sample8,0.103512944039403,0,0.0584313343109244,0.0403980125073116,0,0.171558569851065,0.0563647644519522,0.0134566531776171,0,0,0.0283151667659556,0,0.0247779555987505,0.0165689805601034,0.0181975539303788,0.167607725873031,0.0941495699763138,0.0023951060477925,0.0237583960789328,0,0.0525391584934784,0,0,0.362463884925018,0.93144384752789,0.87203189166301
Sample94,0.0295447704690565,0.0179116508731447,0.0221974279690682,0.0705774860832817,0,0.0258049980863395,0.225846256769641,0.117738823101991,0,0.0828568532462481,0.0283823169207161,0,0.0278809557871738,0.13777697355995,0.0906264075440461,0.175917437188197,0.0508820077672108,0,0.0595783338149494,0.00447588206658787,0.0152261653277377,0,0,0.495484629496629,0.875609553816668,1.18322474657534
Sample96,0.051860376730677,0,0.0444423518838531,0.000626695256720431,0.0301195490096894,0.0862099138666226,0,0.00732999710437469,0,0,0.0349690667405986,0.00316526904239384,0.0526594588012871,0.059421137584463,0.00183525957030424,0.106318637199315,0.0226256238373052,0.00661229194727123,0.0219616516060221,0,0.00585536232606559,0,0,0.546300683641557,0.84856479612809,0.536012642506964
Sample98,0.0227938312258142,0.0729980537971929,0.0725546963916826,0.187971011547919,0,0.353173427910819,0.115202340962906,0.143197439836912,0,0,0,0.055485060757949,0.0487292895950418,0.0527558921363256,0.0737936261112838,0.182038253763197,0.0476754944080432,0.147268637709042,0.0726787673831379,0,0.0163250985338117,0,0,0.394163839680698,0.918033674982139,1.66464092207108
Sample99,0.0894911962705964,0,0.103140580510886,0.0429776248727398,0,0.196098064263065,0.0371550060258401,0.0313567509250745,0,0,0.0463933540213784,0,0.0252359983753771,0.470008375304369,0.00661390783614516,0.406869866856425,0.129399433040471,0.0380765178180517,0.0609617471114932,0,0.0100915116729157,0,0,0.556762168319527,0.833825125304384,1.69386993490483
Sample9,0.0246251512041258,0.016771189243627,0.0239225416949176,0.0273196484863734,0,0.109015085253876,0.0448083233235621,0.00671222150880247,0,0,0.0278910660026555,0,0.0208684305417747,0.0044731194899207,0.00739985916744807,0.118543796976208,0.0666021105266048,0.0085719280323205,0.240523865402441,0,0,0,0,0.367243105135467,0.931084240832034,0.748048336854657
Sample56,0,0.0568276286194901,0.0287848888529927,0.0531610710793918,0,0.238659544662601,0.0445666675000959,0.0212622621276526,0,0,0.0256483511108249,0,0.0869961805537446,0.099896004704125,0,0.238736480860497,0.051825286434876,0.0407706456220665,0.457919329982445,0,0,0,0,0.788127097340778,0.717606113193626,1.4450543421108
Sample191,0.0795647720360952,0,0.0450481568333719,0.020201399163531,0,0.16286837909311,0.0603979256991012,0.0591170300879319,0,0,0.0275117703465714,0,0.0466632911553219,0.118022792495793,0.0328737582733415,0.24631928120801,0.186058785896188,0.00459492283718697,0.0284024477784792,0.00111893643168088,0.00392235708932073,0,0,0.689855365853964,0.782248570656021,1.12268600642504
Sample189,0.0174320409502264,0,0.00307712619428663,0.0598835962728335,0,0.302740691525549,0.00752182781196388,0.0339143210264716,0,0,0,0.018154343818384,0.0112393497060553,0.0333435455727114,0.0226112954551725,0.165803422326318,0.138751639426187,0.0170851824718755,0.244569653984352,0,0,0,0,0.764364777154827,0.739306032069055,1.07612803654239
Sample200,0.0576766529397469,0,0.0546797874044424,0.266958702243805,0,0.0497031264936667,0.0326634640322915,0.123553388936879,0.0348270413647153,0,0,0.0758103877479843,0.00963228681085293,0.0910908608461811,0.0104855116350189,0.246521781780038,0.0956228080200546,0.00991343782399211,0.0228086778950773,0,0.012901794882729,0,0,0.493966200678637,0.871585263274451,1.19484971085747
Sample201,0.0217206806116483,0.0340117872229204,0.0350039848999042,0,0.0504995375887192,0.0516402577530524,0,0.0159636199322623,0.0199590969454579,0,0.06404463162573,0,0.0367725456688779,0.0803167048240464,0.00481703570560602,0.158065337008645,0.0153346967077913,0,0.0421902972433415,0.00994990231424853,0,0.00190168569682466,0,0.330609346511475,0.945892983754143,0.642191801749076
Sample203,0.0882743902455852,0.0201869926290712,0.0288859065428703,0.0834786816496365,0,0.209102361473155,0.0499753372529812,0.0415171630984027,0,0,0.024377039849379,0,0.0566886332336774,0,0.0301814773166338,0.180036501787517,0.173489589215376,0,0.169469107468191,0,0,0.00229322673262502,0,0.599347369039623,0.834219540528473,1.1579564084951
Sample193,0,0.102935075209225,0.0429061276111607,0.0932933697850897,0.00448108432122407,0.119674791067018,0.0543765929781114,0.0411512665408848,0,0,0.0332703633474572,0,0.0335647737933326,0.0532190598378989,0.0804464506747702,0.28559252207329,0.0450906404372901,0,0.111550606843446,0.00550938832435551,0,0,0,0.719016663092473,0.772715842309055,1.10706211284455
Sample195,0.132705950691187,0.237758223796965,0.0399834242516794,0.101066143229575,0,0.291985165647718,0.0877979261517844,0.0396081495549926,0,0,0.0596792250472296,0,0.0148994252277432,0.155039781551726,0.00095520102540622,0.120778252204453,0.00433154102992307,0.00857329679653011,0.0316004679268426,0.0174586997733368,0.0037576932148926,0,0,0.617409710085446,0.80058044802201,1.34797856712199
Sample196,0,0.0877397049815936,0.0583520403549458,0,0.0363208399401042,0.0348310054851784,0.0610356531934528,0.0110362544905293,0,0,0.0564349153972827,0,0.01141432255168,0.203083324856361,0.00229844792336555,0.127995105990872,0.0219500384458852,0.00820051883178437,0.0130901472164927,0.000454863238471243,0.0389756301755974,0.0176352899732597,0,0.451370176000024,0.891884853095273,0.790848103046856
Sample197,0.0410942085657662,0,0.00842383865705536,0.0186040567160061,0.0142601607400527,0.0648858646653945,0.0644135014328198,0.00275192896792877,0,0,0.0496584021618108,0,0.0229159363275981,0.258525359604198,0.00260572146471386,0.0841993511573646,0,0,0.0136231027633701,0.00931994611218496,0.0246184304183114,0.035307360865017,0,0.442852306864488,0.897865740353699,0.715207170619592
Sample204,0.00480708811442118,0.0292201738957055,0.0309417706272681,0.0556024603347209,0,0.11972087437059,0.0507037863969344,0.0695776390904347,0,0,0.0568985667837858,0,0.0729049172527547,0.0617439216377031,0.0446832247046396,0.135260048294769,0.0370066377518258,0,0.0689444158847621,0.00534496925640017,0,0,0,0.693251431771383,0.789209337239371,0.843360494396716
Sample205,0,0.0482981626210137,0.0359123937526111,0.0379816808365672,0.00528091063915553,0.0780833292493684,0.0975862732188673,0.0261900398520219,0,0,0.0220086709324025,0.00126449441149018,0.0555991289359352,0.0419763475306939,0.000119259690880233,0.393608016978282,0.0291064094449281,0.0240644684328714,0,0.01142499494477,0.0238489208775209,0.00555483512496281,0,0.568353148231083,0.835174930969856,0.937908337474342
Sample206,0.160577731931446,0,0.0474140657851979,0.113949710729612,0,0.246940543682196,0.0285414926638803,0.0256354957617181,0,0,0.0678735900843021,0,0.0830607564493857,0,0.0335981996308278,0.210790933076051,0.096806301985647,0,0.0453178276901974,0.00517379828324172,0,0,0,0.630878963340983,0.808344201919328,1.1656804477537
